{"K": [1, 2, 4, 8, 16, 32, 48, 64], "ppl": [58262228.15770649, 3692.1015875791327, 101.36561011613871, 26.861659131827796, 16.3314621872685, 13.40881674333148, 13.749296425272389, 10.662689840521626]}