{"K": [[2], [3], [4], [8]], "ppl": [6.469126624996213, 3.260243595616469, 3.003191438806761, 2.572168444088149]}