{"K": [[1], [2], [3], [4], [8], [16], [24], [32]], "ppl": [8.377316364584017, 6.469126624996213, 3.260243595616469, 3.003191438806761, 2.572168444088149, 2.5709394726517814, 2.334351433032377, 2.2723343151442688]}