{"K": [2, 3, 4, 8, 16, 24, 32], "ppl": [4.575414371591947, 3.208528180689974, 2.793730728857179, 2.4531248732071833, 2.3487982812173196, 2.332163195056145, 2.317829450576549]}